{
    "loss": 0.31182992458343506,
    "accuracy": 0.9137930870056152
}